{"params": [7, 1, 3], "mean": 255283624.6019246, "std": 134643144.14765683}