{"params": [3, 1, 4], "mean": 8982.000373589684, "std": 1079.1711995197873}